id,nombre,precio_clp,imagen,url,categoria,capturado_utc
00780213000358,"Cerveza Lager 4.5° Botella, 620 ml",1000,https://i5.walmartimages.cl/asr/4f02448b-f5d1-476c-b93c-60f6529a2b0b.926a23fb6606d4183daaa0f5acadaa36.jpeg?odnHeight=768&odnWidth=768&odnBg=FFFFFF,https://super.lider.cl/ip/cervezas/00780213000358,Cervezas,2026-10-08T18:36:07+00:00
00780213000295,"Cerveza Stella Artois Lager 4.8° Pack 24 Lata, 24 Un",13990,https://i5.walmartimages.cl/asr/f5b696cd-013c-43c4-bd35-80f94411ecbe.4abb5cd8f385b12f65329192598fc17a.jpeg?odnHeight=768&odnWidth=768&odnBg=FFFFFF,https://super.lider.cl/ip/cervezas/00780213000295,Cervezas,2026-10-08T18:36:07+00:00
00780963410072,"Cerveza Ale Calafate 5° Botella, 500 ml",1890,https://i5.walmartimages.cl/asr/2675c2f5-3cd7-499d-a895-f6d5b81b24a3.03dba6c40e3ff42a510fa36a6d00e96a.jpeg?odnHeight=580&odnWidth=580&odnBg=FFFFFF,https://super.lider.cl/ip/cervezas/00780963410072,Cervezas,2026-10-08T18:36:07+00:00
00780461648010,"Cerveza Lager Belga 4.5° Pack Botella, 4 Un",6490,https://i5.walmartimages.cl/asr/accd192e-6fb0-4e03-9a46-3c4f4a1ef37b.019ec02d47fe3ca64b9a531a71eb02e7.jpeg?odnHeight=580&odnWidth=580&odnBg=FFFFFF,https://super.lider.cl/ip/cervezas/00780461648010,Cervezas,2026-10-08T18:36:07+00:00
00780213000354,"Cerveza Lager 4,9° Pack 24 Lata, 354 ml",11990,https://i5.walmartimages.cl/asr/ed6c2a67-06a2-4e26-a3e4-7f12077baecb.284e35c98773382ff25c7f4f2d5951d6.jpeg?odnHeight=580&odnWidth=580&odnBg=FFFFFF,https://super.lider.cl/ip/cervezas/00780213000354,Cervezas,2026-10-08T18:36:07+00:00
00780210000373,"Cerveza Lager 5° Pack 24 Lata, 350 ml",13990,https://i5.walmartimages.cl/asr/85515c7b-16be-40ab-95f8-f93c1fc5b7c4.4b70f3a880cf4fdd31390079e8db9209.jpeg?odnHeight=580&odnWidth=580&odnBg=FFFFFF,https://super.lider.cl/ip/cervezas/00780210000373,Cervezas,2026-10-08T18:36:07+00:00
00789199130568,"Cerveza Sin Alcohol 0.0° Pack 6 Botella, 330 ml",5790,https://i5.walmartimages.cl/asr/32582014-061b-42e2-8664-b5c85154d037.3753a6d814544fecc2226d59915283be.jpeg?odnHeight=580&odnWidth=580&odnBg=FFFFFF,https://super.lider.cl/ip/sin-alcohol/00789199130568,Cervezas,2026-10-08T18:36:07+00:00
00780468118000,"Cerveza LOA Lata Lager, 470 ml",2250,https://i5.walmartimages.cl/asr/72c1af17-ba27-4ae8-959f-20f5d185e2b3.69dfabf24b359dc23def3630947203e9.jpeg?odnHeight=580&odnWidth=580&odnBg=FFFFFF,https://super.lider.cl/ip/cervezas/00780468118000,Cervezas,2026-10-08T18:36:07+00:00
00780468118001,"Cerveza Lata Ale, 470 ml",2390,https://i5.walmartimages.cl/asr/9e017f1c-0dcf-457d-9986-886ea608db99.132f004e9f665d5b14023cd6b867dfbe.jpeg?odnHeight=580&odnWidth=580&odnBg=FFFFFF,https://super.lider.cl/ip/cervezas/00780468118001,Cervezas,2026-10-08T18:36:07+00:00
00780468843013,"Cerveza Lata Session, 473 ml",2590,https://i5.walmartimages.cl/asr/4a040b45-acd0-4f51-be93-e93ad004194a.fbeb730734f5022247d45f3fca8e03fa.jpeg?odnHeight=580&odnWidth=580&odnBg=FFFFFF,https://super.lider.cl/ip/cervezas/00780468843013,Cervezas,2026-10-08T18:36:07+00:00
00780468118002,"Cerveza Lata IPA, 470 ml",2790,https://i5.walmartimages.cl/asr/2b44d816-de95-4693-af76-5f1e542cbc04.2c488b22e359b797c0c3cd85424f67ca.jpeg?odnHeight=580&odnWidth=580&odnBg=FFFFFF,https://super.lider.cl/ip/cervezas/00780468118002,Cervezas,2026-10-08T18:36:07+00:00
00750106419304,"Cerveza Lager 4.5° Pack Botella., 12 Un",10590,https://i5.walmartimages.cl/asr/49547ee2-f875-4bcf-90af-2ae73357aa64.fb11acc9b9a166ece26bd7f891fc8a57.jpeg?odnHeight=580&odnWidth=580&odnBg=FFFFFF,https://super.lider.cl/ip/cervezas/00750106419304,Cervezas,2026-10-08T18:36:07+00:00
00780210000253,"Cerveza Maracuyá 2.5° Pack 6 Lata, 6 Un",4690,https://i5.walmartimages.cl/asr/65bed5c6-c207-4898-bc80-33a410f283aa.4edd20436fa06dfa555293a32a98fd8b.jpeg?odnHeight=580&odnWidth=580&odnBg=FFFFFF,https://super.lider.cl/ip/cervezas/00780210000253,Cervezas,2026-10-08T18:36:12+00:00
00780210000157,"Cerveza Mango Stones 2.5° Pack 6 Lata, 350 ml",4690,https://i5.walmartimages.cl/asr/f1dbc199-8d1f-4493-85ee-1c74afee687a.b9b5e157b381b7f0e322b91426dee5b4.jpeg?odnHeight=580&odnWidth=580&odnBg=FFFFFF,https://super.lider.cl/ip/cervezas/00780210000157,Cervezas,2026-10-08T18:36:12+00:00
00780213000227,"Cerveza Corona Lager 4,5° Pack 6 Botella., 330 ml",5790,https://i5.walmartimages.cl/asr/b707bbcc-ce7b-4aee-90e6-a32afc126bef.f54910aedc14e26009c88d173d86311d.jpeg?odnHeight=580&odnWidth=580&odnBg=FFFFFF,https://super.lider.cl/ip/cervezas/00780213000227,Cervezas,2026-10-08T18:36:12+00:00
00040005115818,"Cerveza Botella Lager, 473 ml",1590,https://i5.walmartimages.cl/asr/d69ad265-5d8e-4ac5-b63b-f453c2b4c09b.cdc99bb8d9d52acdb46379461f87fa8b.jpeg?odnHeight=580&odnWidth=580&odnBg=FFFFFF,https://super.lider.cl/ip/cervezas/00040005115818,Cervezas,2026-10-08T18:36:12+00:00
00780461534070,"Cerveza Ale - Tropic Especial 4.5° Lata, 470 ml",1150,https://i5.walmartimages.cl/asr/aad323b9-a4c7-4777-b551-20f6eb31ffbc.b428e9ba42b004bca30707a40b2b703f.jpeg?odnHeight=580&odnWidth=580&odnBg=FFFFFF,https://super.lider.cl/ip/cervezas/00780461534070,Cervezas,2026-10-08T18:36:12+00:00
00780213000365,"Cerveza Trauco Amber Lager Lata, 473 ml",1290,https://i5.walmartimages.cl/asr/e2b3eb20-a3e2-4f9a-9745-09ef96668fa7.9f181891f2ce10d3aff8c3fc99d347f7.jpeg?odnHeight=580&odnWidth=580&odnBg=FFFFFF,https://super.lider.cl/ip/cervezas/00780213000365,Cervezas,2026-10-08T18:36:12+00:00
00405340027939,"Cerveza Trigo Pomelo 5.0° Lata, 500 ml",1690,https://i5.walmartimages.cl/asr/a2c66858-bbd2-4f00-848e-df601a765fa2.5ccfeffd7976a299bc9694a3eaad4b00.jpeg?odnHeight=580&odnWidth=580&odnBg=FFFFFF,https://super.lider.cl/ip/cervezas/00405340027939,Cervezas,2026-10-08T18:36:12+00:00
00004257204101,"Cerveza De Trigo Sandia Menta 2.5 ° Lata, 500 ml",1690,https://i5.walmartimages.cl/asr/4ec00c3e-209d-4193-9d8a-46eab6c212c4.a224f18960c56d341df1d5b3c124bb22.jpeg?odnHeight=580&odnWidth=580&odnBg=FFFFFF,https://super.lider.cl/ip/cervezas/00004257204101,Cervezas,2026-10-08T18:36:12+00:00
00780461534041,"Cerveza Strong Ale 7.2° Pack 4 Botella, 4 Un x 330 ml",9790,https://i5.walmartimages.cl/asr/f87bffda-7849-4367-a7d2-4267d96d9c6a.6c20dc141156081ee4467e6a17a84078.jpeg?odnHeight=580&odnWidth=580&odnBg=FFFFFF,https://super.lider.cl/ip/cervezas/00780461534041,Cervezas,2026-10-08T18:36:12+00:00
00405340020831,"Cerveza clausthaler sin alcohol pomelo 500CC, 500 ml",1690,https://i5.walmartimages.cl/asr/da924c9b-be8d-4ac3-857f-9f01a3084e2a.119a5f0e220a5f626409093d9853984a.jpeg?odnHeight=580&odnWidth=580&odnBg=FFFFFF,https://super.lider.cl/ip/cervezas/00405340020831,Cervezas,2026-10-08T18:36:12+00:00
00780213000233,"Cerveza Golden Lager 4.8° Lata, 0,71 L",1350,https://i5.walmartimages.cl/asr/8af4f330-bf86-494f-aa4f-fc11ce1b6e26.e1eac8418f336c2d849c5046a7982ac9.jpeg?odnHeight=580&odnWidth=580&odnBg=FFFFFF,https://super.lider.cl/ip/cervezas/00780213000233,Cervezas,2026-10-08T18:36:12+00:00
00780210700077,"Cerveza Botella Lager, 500 ml",1890,https://i5.walmartimages.cl/asr/6e49bc5a-fd41-4929-93a7-969b106059bf.8ea2e8020c30f0cc2609fe2b121a0271.jpeg?odnHeight=580&odnWidth=580&odnBg=FFFFFF,https://super.lider.cl/ip/cervezas/00780210700077,Cervezas,2026-10-08T18:36:17+00:00
00405340027769,"Cerveza Trigo Hefeweizen 4.0° Lata, 500 ml",1690,https://i5.walmartimages.cl/asr/bde5f89a-529e-4da4-b17e-16858b8df73b.a79e2739c99daf7ea4d84001f4b0b470.jpeg?odnHeight=580&odnWidth=580&odnBg=FFFFFF,https://super.lider.cl/ip/cervezas/00405340027769,Cervezas,2026-10-08T18:36:17+00:00
00400210324827,"Cerveza Artesanal Weissbier 5.3° Botella, 500 ml",2190,https://i5.walmartimages.cl/asr/c1c1ff8f-49ae-49b0-9aaf-f31412241b0e.8ad33c5c1826066ee85403d1d2835f55.jpeg?odnHeight=580&odnWidth=580&odnBg=FFFFFF,https://super.lider.cl/ip/cervezas/00400210324827,Cervezas,2026-10-08T18:36:17+00:00
00780210050535,"Cerveza Lata Lager, 6 Latas 473 ml c/u",4990,https://i5.walmartimages.cl/asr/13b32a4a-6b4b-4d14-aa6c-f4885b0c4932.2875e31a7b8dd2e6e7e75ccbd4c27829.jpeg?odnHeight=580&odnWidth=580&odnBg=FFFFFF,https://super.lider.cl/ip/cervezas/00780210050535,Cervezas,2026-10-08T18:36:17+00:00
00780210700030,"Cerveza Ale Torobayo Botellas Pack, 6 Un x 330 ml c/u",8490,https://i5.walmartimages.cl/asr/4ac74162-8e7e-44f5-ab4e-840916246cd8.0ca9a9d13457cc81f7012513a11c409c.jpeg?odnHeight=580&odnWidth=580&odnBg=FFFFFF,https://super.lider.cl/ip/cervezas/00780210700030,Cervezas,2026-10-08T18:36:17+00:00
00780210000140,"Cerveza Premium Lager 5.0° Pack 6 Botella, 330 ml",4690,https://i5.walmartimages.cl/asr/5b0b5368-dd02-4ae3-b33b-829d1e1ece4e.5659196f80b9414814e09eb68f05736f.jpeg?odnHeight=580&odnWidth=580&odnBg=FFFFFF,https://super.lider.cl/ip/cervezas/00780210000140,Cervezas,2026-10-08T18:36:17+00:00
00750106419312,"Cerveza Lager 4.5° Pack 4 Botella, 355 cc",4990,https://i5.walmartimages.cl/asr/64e82b55-68ad-49b0-b420-ad9ad3187bbe.7e71ec0f28aa575f62914b5240267045.jpeg?odnHeight=580&odnWidth=580&odnBg=FFFFFF,https://super.lider.cl/ip/cervezas/00750106419312,Cervezas,2026-10-08T18:36:17+00:00
00780461534054,"Golden 300cc caja x12Unid, 3960 ml",14990,https://i5.walmartimages.cl/asr/ff806efe-67fe-4ebd-b618-4f56c8edb50b.a6c5afcd8a7bd877468b7a06de2205d1.jpeg?odnHeight=580&odnWidth=580&odnBg=FFFFFF,https://super.lider.cl/ip/cervezas/00780461534054,Cervezas,2026-10-08T18:36:17+00:00
00780963410083,"Cerveza Lager 4.8° Lata, 470 ml",1990,https://i5.walmartimages.cl/asr/b53c0b29-a898-4078-85ea-3cb518064b5e.7b26eebee5998d29e2424c36d278ec92.jpeg?odnHeight=580&odnWidth=580&odnBg=FFFFFF,https://super.lider.cl/ip/cervezas/00780963410083,Cervezas,2026-10-08T18:36:17+00:00
00780468843012,"Cerveza Lata Roja, 473 ml",2590,https://i5.walmartimages.cl/asr/ae2d466a-5015-45f6-8a71-35dc6bd6a4e6.6ab35e90bd54612ea2b93febf9949a8d.jpeg?odnHeight=580&odnWidth=580&odnBg=FFFFFF,https://super.lider.cl/ip/cervezas/00780468843012,Cervezas,2026-10-08T18:36:17+00:00
00780461534077,"Cerveza Kross Lata Lager, 470 ml",1450,https://i5.walmartimages.cl/asr/cfd924da-4a36-4e04-8048-b1e7ed8b17ca.496c63c7b37681200233c7113edd077a.jpeg?odnHeight=580&odnWidth=580&odnBg=FFFFFF,https://super.lider.cl/ip/cervezas/00780461534077,Cervezas,2026-10-08T18:36:17+00:00
00780468843014,"Cerveza Lata Secret lab - apa, 473 ml",2590,https://i5.walmartimages.cl/asr/79ac4f65-e328-4f70-a4cb-f88136d3edd8.16a09446ab01f20964b34b9eaecee04a.jpeg?odnHeight=580&odnWidth=580&odnBg=FFFFFF,https://super.lider.cl/ip/cervezas/00780468843014,Cervezas,2026-10-08T18:36:17+00:00
00780210000662,"Cerveza Latas Lager, 470 ml",4690,https://i5.walmartimages.cl/asr/ca3c9ddf-8b64-4991-bec7-7a71d3569145.db289f29904567346875119cabb194db.jpeg?odnHeight=580&odnWidth=580&odnBg=FFFFFF,https://super.lider.cl/ip/cervezas/00780210000662,Cervezas,2026-10-08T18:36:27+00:00
00780210700172,"Kunstmann Lata Pomelo 470, 470 ml",1890,https://i5.walmartimages.cl/asr/5f878a50-19d9-4782-9e4a-158eadbcfa2f.9e00ac1870231694b087da76580eb61d.jpeg?odnHeight=580&odnWidth=580&odnBg=FFFFFF,https://super.lider.cl/ip/cervezas/00780210700172,Cervezas,2026-10-08T18:36:27+00:00
00780210700167,"Kunstmann Lata Radler 470, 470 ml",1890,https://i5.walmartimages.cl/asr/552e5b53-fcee-4cb0-ac61-0dc9960624fe.8b9377e18347eafbd2333de5545f73ec.jpeg?odnHeight=580&odnWidth=580&odnBg=FFFFFF,https://super.lider.cl/ip/cervezas/00780210700167,Cervezas,2026-10-08T18:36:27+00:00
00780461648019,"Dolbek Lata Maqui 470, 470 ml",2150,https://i5.walmartimages.cl/asr/e9562470-57d4-4b78-9596-90c675568206.d43b65eb034e11f2a0c5b437e9dd69b9.jpeg?odnHeight=580&odnWidth=580&odnBg=FFFFFF,https://super.lider.cl/ip/cervezas/00780461648019,Cervezas,2026-10-08T18:36:27+00:00
00780210700170,"Cerveza Botella Lager, 6 Un",6490,https://i5.walmartimages.cl/asr/ac81e910-fbdb-41b4-a080-c9bc7bdb7d4b.62d78776100477175112f948f36efad2.jpeg?odnHeight=580&odnWidth=580&odnBg=FFFFFF,https://super.lider.cl/ip/cervezas/00780210700170,Cervezas,2026-10-08T18:36:27+00:00
00780463904032,"Guayacan Lata Papaya 470, 470 ml",2190,https://i5.walmartimages.cl/asr/e61e6eb4-f380-4780-990c-0814c10b263a.0d7c89f4ba1c413d220710d99c0e52cf.jpeg?odnHeight=580&odnWidth=580&odnBg=FFFFFF,https://super.lider.cl/ip/cervezas/00780463904032,Cervezas,2026-10-08T18:36:27+00:00
00400210324831,"Cerveza Botella Erdinger Alkoholfrei, 500 ml",2150,https://i5.walmartimages.cl/asr/11d07ce5-131f-4a75-a9ce-c7b86cb63256.329ddae522d2763d4856fabb041c0013.jpeg?odnHeight=580&odnWidth=580&odnBg=FFFFFF,https://super.lider.cl/ip/cervezas/00400210324831,Cervezas,2026-10-08T18:36:27+00:00
00780468266030,"Volcanes Lata Lager, 470 ml",1490,https://i5.walmartimages.cl/asr/0277f689-445f-4da1-a357-cc3cea04ac26.e14bc0ef8ac87b44b340346d93659170.jpeg?odnHeight=580&odnWidth=580&odnBg=FFFFFF,https://super.lider.cl/ip/cervezas/00780468266030,Cervezas,2026-10-08T18:36:27+00:00
00800844054942,"Cerveza Botella Asahi Pac4Un 5G, 330 ml",4190,https://i5.walmartimages.cl/asr/3401e793-e8f8-4597-aa94-d69973d56884.f8cf533feeda4a9e4a5c9792c3ebdb45.jpeg?odnHeight=580&odnWidth=580&odnBg=FFFFFF,https://super.lider.cl/ip/cervezas/00800844054942,Cervezas,2026-10-08T18:36:27+00:00
